host,port,timestamp,currentTime
88.99.167.175,8333,1598271043, 1598271044.924176
88.99.167.175,8333,1598271056, 1598271057.8003118
88.99.167.175,8333,1598271897, 1598271898.7516148
190.206.164.142,8333,1598271913, 1598271915.3228185
88.99.167.175,8333,1598272123, 1598272124.7505827
88.99.167.175,8333,1598272564, 1598272565.791141
88.99.167.175,8333,1598272724, 1598272725.4156291
88.99.167.175,8333,1598275866, 1598275867.3719888
88.99.167.175,8333,1598275889, 1598275890.1461787
88.99.167.175,8333,1598275911, 1598275912.8296614
88.99.167.175,8333,1598275979, 1598275980.729697
88.99.167.175,8333,1598279169, 1598279170.1694183
88.99.167.175,8333,1598279598, 1598279599.2482207
88.99.167.175,8333,1598280947, 1598280948.9439843
88.99.167.175,8333,1598281254, 1598281255.7599268
88.99.167.175,8333,1598281380, 1598281381.6691074
